,base_market,quote_market,hedge_ratio,half_life
0,ETH-USD,LTC-USD,39.790774924143584,6.0
1,ETH-USD,BLUR-USD,98374.03777766622,4.0
2,ETH-USD,SUI-USD,1799.7371487053863,5.0
3,ETH-USD,TREMP-USD,379808.8144009931,20.0
4,ETH-USD,ZRO-USD,2170.054620517445,5.0
5,ETH-USD,MEW-USD,2785310.9653991773,7.0
6,ETH-USD,MICHI-USD,651008.4127556972,10.0
7,ETH-USD,ICP-USD,919.5292710408959,14.0
8,ETH-USD,WIF-USD,8387.04634284198,9.0
9,ETH-USD,TAO-USD,9.320930266290274,21.0
10,ETH-USD,GALA-USD,445961.3725153572,5.0
11,ETH-USD,RAY-USD,2899.851397925668,8.0
12,ETH-USD,ORDI-USD,705.3613915776561,5.0
13,ETH-USD,W-USD,91103.51825696598,4.0
14,ETH-USD,ASTR-USD,3182560.247541758,4.0
15,ETH-USD,RON-USD,17845.271314677047,12.0
16,LINK-USD,FIL-USD,8.897245185735276,6.0
17,LINK-USD,TIA-USD,24.1376570888051,12.0
18,LINK-USD,ZK-USD,394.40994216133504,7.0
19,LINK-USD,XEC-USD,1184274.2187976358,24.0
20,CRV-USD,FIL-USD,0.2747234506785707,7.0
21,CRV-USD,DOT-USD,0.19521293208170562,10.0
22,CRV-USD,NEAR-USD,0.2406423093666771,11.0
23,CRV-USD,ETC-USD,0.03266558644833322,10.0
24,CRV-USD,COMP-USD,0.01561464142049907,15.0
25,CRV-USD,ARB-USD,1.970727187792499,9.0
26,CRV-USD,TIA-USD,0.7453721279723524,12.0
27,CRV-USD,IO-USD,2.763043990417757,22.0
28,CRV-USD,BNB-USD,0.0004573847420092249,15.0
29,CRV-USD,DAI-USD,0.4122137470653775,23.0
30,CRV-USD,OKB-USD,0.003837508197944744,18.0
31,CRV-USD,AR-USD,0.1165389135470215,20.0
32,CRV-USD,AAVE-USD,0.0024823213167689297,17.0
33,CRV-USD,RUNE-USD,0.27463954440497773,14.0
34,CRV-USD,BTT-USD,987776.1808758647,20.0
35,CRV-USD,BEAM-USD,135.32161605256434,15.0
36,CRV-USD,FET-USD,1.5531226250645371,19.0
37,CRV-USD,OM-USD,5.880407703520068,17.0
38,CRV-USD,BSV-USD,0.02206717430745721,19.0
39,CRV-USD,GALA-USD,58.140906383319205,19.0
40,CRV-USD,CVC-USD,8.849526563945561,23.0
41,CRV-USD,PYUSD-USD,0.4144431202304555,20.0
42,CRV-USD,ARKM-USD,2.09993341755583,14.0
43,CRV-USD,PNUT-USD,5.712248120206559,24.0
44,CRV-USD,XEC-USD,36561.04993413838,18.0
45,CRV-USD,BADGER-USD,0.7442732121788563,18.0
46,CRV-USD,ZENT-USD,93.2804923674455,17.0
47,SOL-USD,ZK-USD,4046.9076869439136,5.0
48,SOL-USD,BNB-USD,0.1520009743554529,4.0
49,SOL-USD,GALA-USD,19334.139731539464,9.0
50,SOL-USD,RAY-USD,125.73146319303899,22.0
51,ADA-USD,AVAX-USD,0.028323302384259622,14.0
52,ADA-USD,FIL-USD,0.26178222410978014,11.0
53,ADA-USD,ETC-USD,0.031126344211826983,19.0
54,ADA-USD,COMP-USD,0.014877445545687524,21.0
55,ADA-USD,ARB-USD,1.8779294636158963,15.0
56,ADA-USD,ZK-USD,11.60621556311812,7.0
57,ADA-USD,ENS-USD,0.03778826337436511,13.0
58,ADA-USD,EIGEN-USD,0.9574701882131191,6.0
59,ADA-USD,ARKM-USD,2.0008996884521335,16.0
60,ADA-USD,ZENT-USD,88.88525908636139,17.0
61,ADA-USD,WLFI-USD,2.3427767589507322,6.0
62,AVAX-USD,FIL-USD,9.241690321093174,6.0
63,AVAX-USD,DOGE-USD,98.23364638038933,16.0
64,AVAX-USD,XLM-USD,61.02484475799396,17.0
65,AVAX-USD,WLD-USD,24.053642761024623,18.0
66,AVAX-USD,APE-USD,64.1715666516442,9.0
67,AVAX-USD,ARB-USD,66.29504758193477,7.0
68,AVAX-USD,LDO-USD,22.086030531603992,9.0
69,AVAX-USD,SEI-USD,113.77381334260147,10.0
70,AVAX-USD,SHIB-USD,1631027.2067770069,21.0
71,AVAX-USD,XRP-USD,6.647205337887901,6.0
72,AVAX-USD,DEGEN-USD,1012.603631386895,23.0
73,AVAX-USD,MOG-USD,44475520.98190044,23.0
74,AVAX-USD,ZK-USD,409.61775904417556,9.0
75,AVAX-USD,POPCAT-USD,133.2986371902404,23.0
76,AVAX-USD,SC-USD,918.4475752480921,23.0
77,AVAX-USD,BOME-USD,7166.5195149185965,23.0
78,AVAX-USD,USA-USD,18197706.6216519,23.0
79,AVAX-USD,DAI-USD,13.867971005909537,24.0
80,AVAX-USD,MNT-USD,13.308172546130063,23.0
81,AVAX-USD,IMX-USD,55.170824837071684,23.0
82,AVAX-USD,VET-USD,565.1645471114655,23.0
83,AVAX-USD,ONDO-USD,374.745225308412,23.0
84,AVAX-USD,BRETT-USD,36.58696804984761,23.0
85,AVAX-USD,RUNE-USD,9.241864527630401,9.0
86,AVAX-USD,QNT-USD,0.12982582742498908,23.0
87,AVAX-USD,FLR-USD,1220.6302098147517,19.0
88,AVAX-USD,CORE-USD,330.2386664831842,23.0
89,AVAX-USD,FLOW-USD,39.73434655313527,23.0
90,AVAX-USD,STRK-USD,162.32268998044643,13.0
91,AVAX-USD,ENS-USD,1.333933264443111,10.0
92,AVAX-USD,USDD-USD,139.1692976642521,23.0
93,AVAX-USD,EGO-USD,3689.326462796012,23.0
94,AVAX-USD,"SPX,RAYDIUM,J3NKXXXZCNNIMJKW9HYB2K4LUXGWB6T1FTPTQVSV3KFR-USD",30.899301159785605,23.0
95,AVAX-USD,"BUFFI,UNISWAP_V3,0X4C1B1302220D7DE5C22B495E78B72F2DD2457D45-USD",132409979.60897195,23.0
96,AVAX-USD,TRY-USD,598.2378596790916,23.0
97,AVAX-USD,BRL-USD,74.50722325263709,23.0
98,AVAX-USD,USDC-USD,1.386284560668267,23.0
99,AVAX-USD,EIGEN-USD,33.79169397873882,11.0
100,AVAX-USD,MLN-USD,0.26598522783512724,23.0
101,AVAX-USD,QTUM-USD,8.788272982896379,23.0
102,AVAX-USD,IOTA-USD,156.74236594072252,23.0
103,AVAX-USD,GAS-USD,7.332831149231055,23.0
104,AVAX-USD,USDE-USD,1.3882224522158813,23.0
105,AVAX-USD,MANA-USD,110.16678176657722,23.0
106,AVAX-USD,NEIRO-USD,5707.244022345648,23.0
107,AVAX-USD,NEXO-USD,11.212135370114577,23.0
108,AVAX-USD,STORJ-USD,53.227595172059985,23.0
109,AVAX-USD,CVC-USD,297.7281718317276,22.0
110,AVAX-USD,SUPER-USD,668.4157624491376,23.0
111,AVAX-USD,PYUSD-USD,13.942086336648496,24.0
112,AVAX-USD,MINA-USD,138.47657230021977,23.0
113,AVAX-USD,CKB-USD,5873.699982654016,23.0
114,AVAX-USD,AIOZ-USD,44.4470839480245,23.0
115,AVAX-USD,BDX-USD,170.02626707768235,23.0
116,AVAX-USD,ARKM-USD,70.64111406130336,16.0
117,AVAX-USD,WOO-USD,550.4976718147632,23.0
118,AVAX-USD,ROSE-USD,757.6592838660515,23.0
119,AVAX-USD,ICX-USD,21.96721102692699,23.0
120,AVAX-USD,ETHFI-USD,19.581757547805697,23.0
121,AVAX-USD,BABYDOGE-USD,26943891199.500153,23.0
122,AVAX-USD,GOAT-USD,396.0982295994884,23.0
123,AVAX-USD,MOODENG-USD,96.39785348870866,23.0
124,AVAX-USD,GIGA-USD,1324.0997960897223,23.0
125,AVAX-USD,"BTW,RAYDIUM,4YTPZGVONB66BFS6NRCUAAVSLDTYK2FHQ4U92JNJPUMP-USD",212319.2771260654,23.0
126,AVAX-USD,"YOUNES,RAYDIUM,ANAUIZ2JJRVNTYW8CD7USQ4LRWB1PTGHYRGMWPXTPUMP-USD",772391.5477190043,23.0
127,AVAX-USD,"UFO,RAYDIUM,99MYNE1MVNSSV2KAKZZDFNNWF5XB4SASJNACRXDBPUMP-USD",322576.51644877123,23.0
128,AVAX-USD,PRIME-USD,24.96058861569495,23.0
129,AVAX-USD,PENGU-USD,1335.5473447590814,23.0
130,AVAX-USD,"FAI,UNISWAP_V3_BASE,0XB33FF54B9F7242EF1593D2C9BCD8F9DF46C77935-USD",1245.7928189016218,23.0
131,AVAX-USD,MOCA-USD,33.13825824622717,23.0
132,AVAX-USD,DYM-USD,60.9755270234259,23.0
133,AVAX-USD,VINE-USD,484.3588296117183,23.0
134,AVAX-USD,MOVE-USD,294.5560987063993,23.0
135,AVAX-USD,DRIFT-USD,67.13205146761011,23.0
136,AVAX-USD,ZENT-USD,3138.1849215928737,16.0
137,AVAX-USD,SKL-USD,485.9506416966815,23.0
138,AVAX-USD,DODGERSWIN-USD,13.861463468536433,23.0
139,AVAX-USD,USD1-USD,13.932305700913965,23.0
140,AVAX-USD,WLFI-USD,82.68136129867938,8.0
141,FIL-USD,DOGE-USD,10.624023913084992,18.0
142,FIL-USD,DOT-USD,0.7103914516734421,7.0
143,FIL-USD,BCH-USD,0.0024090327007086094,22.0
144,FIL-USD,TRX-USD,5.064715440190685,13.0
145,FIL-USD,NEAR-USD,0.8757063457695681,6.0
146,FIL-USD,MKR-USD,0.0008108491292783307,13.0
147,FIL-USD,XLM-USD,6.600935447383248,11.0
148,FIL-USD,ETC-USD,0.11886742558615258,6.0
149,FIL-USD,COMP-USD,0.05682076646198879,8.0
150,FIL-USD,APE-USD,6.941979395561828,6.0
151,FIL-USD,ARB-USD,7.171288844202381,6.0
152,FIL-USD,BLUR-USD,46.66846363922574,21.0
153,FIL-USD,LDO-USD,2.388850588331052,11.0
154,FIL-USD,SEI-USD,12.30620938957517,9.0
155,FIL-USD,SHIB-USD,176418.327491198,17.0
156,FIL-USD,XRP-USD,0.719023750891261,6.0
157,FIL-USD,TIA-USD,2.7123119950534207,9.0
158,FIL-USD,NEO-USD,3.9088881783783673,16.0
159,FIL-USD,ZEC-USD,0.0036551930283163646,13.0
160,FIL-USD,DEGEN-USD,109.53014322641958,13.0
161,FIL-USD,MOG-USD,4810776.924180237,13.0
162,FIL-USD,ZK-USD,44.31689409167477,7.0
163,FIL-USD,BLAST-USD,566.4719719983915,13.0
164,FIL-USD,POPCAT-USD,14.418493446776047,13.0
165,FIL-USD,IO-USD,10.052667912347124,17.0
166,FIL-USD,SC-USD,99.3455794002036,13.0
167,FIL-USD,BOME-USD,775.1798280921348,13.0
168,FIL-USD,USA-USD,1968388.5687156275,13.0
169,FIL-USD,BNB-USD,0.0016643040536162713,10.0
170,FIL-USD,TON-USD,0.8417316757212148,18.0
171,FIL-USD,DAI-USD,1.5000618230697853,13.0
172,FIL-USD,CRO-USD,15.42183280210281,17.0
173,FIL-USD,OKB-USD,0.013961596405851873,15.0
174,FIL-USD,MNT-USD,1.4395030788731136,13.0
175,FIL-USD,IMX-USD,5.967654232137859,13.0
176,FIL-USD,VET-USD,61.132067743851195,13.0
177,FIL-USD,INJ-USD,0.29149963011344204,22.0
178,FIL-USD,AR-USD,0.42394950183304864,18.0
179,FIL-USD,ONDO-USD,40.53500987867231,13.0
180,FIL-USD,BRETT-USD,3.957497017101958,13.0
181,FIL-USD,AAVE-USD,0.00903257800151869,12.0
182,FIL-USD,RUNE-USD,0.9995121324827348,10.0
183,FIL-USD,ALGO-USD,11.387037218397195,17.0
184,FIL-USD,QNT-USD,0.014042850560264658,13.0
185,FIL-USD,FLR-USD,132.02793466587656,15.0
186,FIL-USD,CORE-USD,35.720875688806174,13.0
187,FIL-USD,FLOW-USD,4.297939029719168,13.0
188,FIL-USD,STRK-USD,17.558163799166508,11.0
189,FIL-USD,ENS-USD,0.1442905088540118,8.0
190,FIL-USD,USDD-USD,15.053504595596678,13.0
191,FIL-USD,BTT-USD,3594313.3408131064,13.0
192,FIL-USD,EGO-USD,399.0628152553719,13.0
193,FIL-USD,"SPX,RAYDIUM,J3NKXXXZCNNIMJKW9HYB2K4LUXGWB6T1FTPTQVSV3KFR-USD",3.342280016310231,13.0
194,FIL-USD,"BUFFI,UNISWAP_V3,0X4C1B1302220D7DE5C22B495E78B72F2DD2457D45-USD",14322370.15713085,13.0
195,FIL-USD,TRY-USD,64.70950372197686,13.0
196,FIL-USD,BRL-USD,8.059211503208694,13.0
197,FIL-USD,USDC-USD,0.14995003155835462,13.0
198,FIL-USD,EIGEN-USD,3.6550616548886055,12.0
199,FIL-USD,MLN-USD,0.028770783747823696,13.0
200,FIL-USD,QTUM-USD,0.950599789190102,13.0
201,FIL-USD,BEAM-USD,492.4269948150695,11.0
202,FIL-USD,IOTA-USD,16.954327694461583,13.0
203,FIL-USD,FET-USD,5.651325230962352,13.0
204,FIL-USD,GAS-USD,0.7931692333854127,13.0
205,FIL-USD,USDE-USD,0.15015964717910524,13.0
206,FIL-USD,HNT-USD,0.978296991569464,18.0
207,FIL-USD,OM-USD,21.396899078966598,12.0
208,FIL-USD,BSV-USD,0.08028309038689917,16.0
209,FIL-USD,GALA-USD,211.53407850749306,18.0
210,FIL-USD,MANA-USD,11.91639355387273,13.0
211,FIL-USD,NEIRO-USD,617.3345974865482,13.0
212,FIL-USD,ORDI-USD,0.33462696197321373,23.0
213,FIL-USD,NEXO-USD,1.2127813439505983,13.0
214,FIL-USD,STORJ-USD,5.757461204053373,13.0
215,FIL-USD,CVC-USD,32.203747986368306,13.0
216,FIL-USD,SUPER-USD,72.3004262739779,13.0
217,FIL-USD,PYUSD-USD,1.5081153167192787,13.0
218,FIL-USD,AXL-USD,45.10582673790396,16.0
219,FIL-USD,MINA-USD,14.978574367517334,13.0
220,FIL-USD,CKB-USD,635.3396140679084,13.0
221,FIL-USD,SAFE-USD,98.7078405154558,24.0
222,FIL-USD,AIOZ-USD,4.8077009798553085,13.0
223,FIL-USD,CAKE-USD,0.7755752107724471,12.0
224,FIL-USD,BDX-USD,18.391205411504746,13.0
225,FIL-USD,ARKM-USD,7.640619372722378,10.0
226,FIL-USD,WOO-USD,59.54559807088391,13.0
227,FIL-USD,ROSE-USD,81.95361670292851,13.0
228,FIL-USD,GMT-USD,76.48697189357556,21.0
229,FIL-USD,ICX-USD,2.3761239792996407,13.0
230,FIL-USD,ETHFI-USD,2.1180969950686457,13.0
231,FIL-USD,BABYDOGE-USD,2914435787.7882595,13.0
232,FIL-USD,GOAT-USD,42.844697051246094,13.0
233,FIL-USD,MOODENG-USD,10.427051979733122,13.0
234,FIL-USD,PNUT-USD,20.777740142828637,23.0
235,FIL-USD,XEC-USD,133022.39399529272,15.0
236,FIL-USD,GIGA-USD,143.22370157130882,13.0
237,FIL-USD,"BTW,RAYDIUM,4YTPZGVONB66BFS6NRCUAAVSLDTYK2FHQ4U92JNJPUMP-USD",22965.907006966303,13.0
238,FIL-USD,"YOUNES,RAYDIUM,ANAUIZ2JJRVNTYW8CD7USQ4LRWB1PTGHYRGMWPXTPUMP-USD",83547.1592499301,13.0
239,FIL-USD,"UFO,RAYDIUM,99MYNE1MVNSSV2KAKZZDFNNWF5XB4SASJNACRXDBPUMP-USD",34892.08506957629,13.0
240,FIL-USD,BADGER-USD,2.7079875277498666,14.0
241,FIL-USD,PRIME-USD,2.699908198381942,13.0
242,FIL-USD,PENGU-USD,144.46194682984998,13.0
243,FIL-USD,"FAI,UNISWAP_V3_BASE,0XB33FF54B9F7242EF1593D2C9BCD8F9DF46C77935-USD",134.75348266117786,13.0
244,FIL-USD,MOCA-USD,3.5844609474805758,13.0
245,FIL-USD,DYM-USD,6.595542769931436,13.0
246,FIL-USD,VINE-USD,52.39156796987865,13.0
247,FIL-USD,MOVE-USD,31.861204798702097,13.0
248,FIL-USD,DRIFT-USD,7.261462416700817,13.0
249,FIL-USD,ZENT-USD,339.43779039125957,11.0
250,FIL-USD,SKL-USD,52.56374926594684,13.0
251,FIL-USD,DODGERSWIN-USD,1.4993508140565681,13.0
252,FIL-USD,USD1-USD,1.5070135950483392,13.0
253,FIL-USD,MET-USD,5.535753788250691,20.0
254,FIL-USD,WLFI-USD,8.942648959775916,9.0
255,DOGE-USD,PEPE-USD,23126.181788758553,23.0
256,DOGE-USD,ZENT-USD,31.926228750746443,16.0
257,ATOM-USD,ZK-USD,71.28894190431778,14.0
258,ATOM-USD,ORDI-USD,0.5389636309238655,18.0
259,DOT-USD,NEAR-USD,1.2325580748396865,7.0
260,DOT-USD,XLM-USD,9.290953421920252,17.0
261,DOT-USD,ETC-USD,0.1672898906164673,13.0
262,DOT-USD,COMP-USD,0.07996082803572711,17.0
263,DOT-USD,APE-USD,9.769791687776893,11.0
264,DOT-USD,ARB-USD,10.09319216278162,10.0
265,DOT-USD,TIA-USD,3.818123574479241,9.0
266,DOT-USD,DEGEN-USD,154.1106734595409,24.0
267,DOT-USD,MOG-USD,6768840.520151943,24.0
268,DOT-USD,ZK-USD,62.374598791512625,7.0
269,DOT-USD,POPCAT-USD,20.287052220512923,24.0
270,DOT-USD,SC-USD,139.78082832362003,24.0
271,DOT-USD,BOME-USD,1090.6904879378858,24.0
272,DOT-USD,USA-USD,2769554.3803658313,24.0
273,DOT-USD,MNT-USD,2.025403988321526,24.0
274,DOT-USD,IMX-USD,8.396585502378953,24.0
275,DOT-USD,VET-USD,86.01380270729655,24.0
276,DOT-USD,ONDO-USD,57.03341095955523,24.0
277,DOT-USD,BRETT-USD,5.5682619647355285,24.0
278,DOT-USD,RUNE-USD,1.4063362022767028,14.0
279,DOT-USD,QNT-USD,0.019758516636469315,24.0
280,DOT-USD,CORE-USD,50.25984671257707,24.0
281,DOT-USD,FLOW-USD,6.047269352956532,24.0
282,DOT-USD,USDD-USD,21.180523266851683,24.0
283,DOT-USD,BTT-USD,5057224.0568531435,23.0
284,DOT-USD,EGO-USD,561.4878005275126,24.0
285,DOT-USD,"SPX,RAYDIUM,J3NKXXXZCNNIMJKW9HYB2K4LUXGWB6T1FTPTQVSV3KFR-USD",4.702641748026977,24.0
286,DOT-USD,"BUFFI,UNISWAP_V3,0X4C1B1302220D7DE5C22B495E78B72F2DD2457D45-USD",20151805.205709465,24.0
287,DOT-USD,TRY-USD,91.0473126763984,24.0
288,DOT-USD,BRL-USD,11.339440228293133,24.0
289,DOT-USD,USDC-USD,0.21098210655095148,24.0
290,DOT-USD,MLN-USD,0.04048095555001915,24.0
291,DOT-USD,QTUM-USD,1.337509195069214,24.0
292,DOT-USD,BEAM-USD,693.1038330050989,13.0
293,DOT-USD,IOTA-USD,23.85501179931791,24.0
294,DOT-USD,FET-USD,7.951430360487236,23.0
295,DOT-USD,GAS-USD,1.1160018705693557,24.0
296,DOT-USD,USDE-USD,0.21127703910129741,24.0
297,DOT-USD,OM-USD,30.106073017599044,22.0
298,DOT-USD,MANA-USD,16.76655742154907,24.0
299,DOT-USD,NEIRO-USD,868.5997093225611,24.0
300,DOT-USD,NEXO-USD,1.7064028601608858,24.0
301,DOT-USD,STORJ-USD,8.100840530625945,24.0
302,DOT-USD,CVC-USD,45.31126936845247,24.0
303,DOT-USD,SUPER-USD,101.72786281728345,24.0
304,DOT-USD,PYUSD-USD,2.1219339234693413,24.0
305,DOT-USD,MINA-USD,21.075095085652347,24.0
306,DOT-USD,CKB-USD,893.9330572874923,24.0
307,DOT-USD,AIOZ-USD,6.76451261700606,24.0
308,DOT-USD,BDX-USD,25.876721861312205,24.0
309,DOT-USD,ARKM-USD,10.753565725822385,15.0
310,DOT-USD,WOO-USD,83.78161435692876,24.0
311,DOT-USD,ROSE-USD,115.31005703539475,24.0
312,DOT-USD,ICX-USD,3.3432446620311262,24.0
313,DOT-USD,ETHFI-USD,2.9801965445063274,24.0
314,DOT-USD,BABYDOGE-USD,4100658036.0455375,24.0
315,DOT-USD,GOAT-USD,60.28317796579752,24.0
316,DOT-USD,MOODENG-USD,14.67102986866823,24.0
317,DOT-USD,GIGA-USD,201.51805205709516,24.0
318,DOT-USD,"BTW,RAYDIUM,4YTPZGVONB66BFS6NRCUAAVSLDTYK2FHQ4U92JNJPUMP-USD",32313.40059636716,24.0
319,DOT-USD,"YOUNES,RAYDIUM,ANAUIZ2JJRVNTYW8CD7USQ4LRWB1PTGHYRGMWPXTPUMP-USD",117552.19703330548,24.0
320,DOT-USD,"UFO,RAYDIUM,99MYNE1MVNSSV2KAKZZDFNNWF5XB4SASJNACRXDBPUMP-USD",49093.72497910656,24.0
321,DOT-USD,BADGER-USD,3.810130110482532,24.0
322,DOT-USD,PRIME-USD,3.7988142667854556,24.0
323,DOT-USD,PENGU-USD,203.2602830547063,24.0
324,DOT-USD,"FAI,UNISWAP_V3_BASE,0XB33FF54B9F7242EF1593D2C9BCD8F9DF46C77935-USD",189.60031779565426,24.0
325,DOT-USD,MOCA-USD,5.043394213990319,24.0
326,DOT-USD,DYM-USD,9.280016473267272,24.0
327,DOT-USD,VINE-USD,73.71577892259864,24.0
328,DOT-USD,MOVE-USD,44.82922768219266,24.0
329,DOT-USD,DRIFT-USD,10.216994430707357,24.0
330,DOT-USD,ZENT-USD,477.65615943862707,20.0
331,DOT-USD,SKL-USD,73.9580407759348,24.0
332,DOT-USD,DODGERSWIN-USD,2.109610714456125,24.0
333,DOT-USD,USD1-USD,2.120392370577707,24.0
334,DOT-USD,MET-USD,7.790064385458267,24.0
335,DOT-USD,WLFI-USD,12.589998679563944,7.0
336,UNI-USD,ZRX-USD,37.82320462015293,13.0
337,NEAR-USD,TIA-USD,3.0973467808311765,9.0
338,NEAR-USD,ZK-USD,50.607409306866906,6.0
339,NEAR-USD,BNB-USD,0.0019004134677945862,14.0
340,NEAR-USD,AAVE-USD,0.010314688913173293,13.0
341,NEAR-USD,RUNE-USD,1.1411521616185163,12.0
342,NEAR-USD,PYUSD-USD,1.721821125270641,22.0
343,NEAR-USD,WLFI-USD,10.213358622416518,7.0
344,MKR-USD,ETC-USD,146.43077321114697,24.0
345,MKR-USD,COMP-USD,70.02188724107046,19.0
346,MKR-USD,APE-USD,8550.95587638452,17.0
347,MKR-USD,ARB-USD,8832.561552982088,24.0
348,MKR-USD,LDO-USD,2943.4153250617474,16.0
349,MKR-USD,SEI-USD,15160.568122363185,24.0
350,MKR-USD,XRP-USD,885.3653160400096,14.0
351,MKR-USD,TIA-USD,3338.1743506586604,24.0
352,MKR-USD,DEGEN-USD,135081.94194991203,4.0
353,MKR-USD,MOG-USD,5933061621.792364,4.0
354,MKR-USD,ZK-USD,54566.574777030786,16.0
355,MKR-USD,POPCAT-USD,17782.119491584792,4.0
356,MKR-USD,SC-USD,122521.46664117312,4.0
357,MKR-USD,BOME-USD,956018.0736970586,4.0
358,MKR-USD,USA-USD,2427585160.958495,4.0
359,MKR-USD,DAI-USD,1850.0662782781083,7.0
360,MKR-USD,MNT-USD,1775.3183334663477,4.0
361,MKR-USD,IMX-USD,7359.821678461477,4.0
362,MKR-USD,VET-USD,75393.29524277609,4.0
363,MKR-USD,ONDO-USD,49991.24158954974,4.0
364,MKR-USD,BRETT-USD,4880.723849927097,4.0
365,MKR-USD,RUNE-USD,1232.8531204956926,4.0
366,MKR-USD,QNT-USD,17.31884455105326,4.0
367,MKR-USD,CORE-USD,44054.039500529485,4.0
368,MKR-USD,FLOW-USD,5300.586061652721,4.0
369,MKR-USD,USDD-USD,18565.269121656846,4.0
370,MKR-USD,BTT-USD,4432743266.951413,13.0
371,MKR-USD,EGO-USD,492158.4000238209,4.0
372,MKR-USD,"SPX,RAYDIUM,J3NKXXXZCNNIMJKW9HYB2K4LUXGWB6T1FTPTQVSV3KFR-USD",4121.985618244573,4.0
373,MKR-USD,"BUFFI,UNISWAP_V3,0X4C1B1302220D7DE5C22B495E78B72F2DD2457D45-USD",17663572028.307526,4.0
374,MKR-USD,TRY-USD,79805.29530861856,4.0
375,MKR-USD,BRL-USD,9939.309019144128,4.0
376,MKR-USD,USDC-USD,184.93120580040778,4.0
377,MKR-USD,EIGEN-USD,4499.554637826646,24.0
378,MKR-USD,MLN-USD,35.48259160077094,4.0
379,MKR-USD,QTUM-USD,1172.360975330147,4.0
380,MKR-USD,IOTA-USD,20909.52720374628,4.0
381,MKR-USD,GAS-USD,978.2041471372863,4.0
382,MKR-USD,USDE-USD,185.189721714657,4.0
383,MKR-USD,MANA-USD,14696.315871412751,4.0
384,MKR-USD,NEIRO-USD,761349.8330680142,4.0
385,MKR-USD,NEXO-USD,1495.7056959453978,4.0
386,MKR-USD,STORJ-USD,7100.593656096068,4.0
387,MKR-USD,CVC-USD,39716.64130590081,6.0
388,MKR-USD,SUPER-USD,89167.07033520634,4.0
389,MKR-USD,PYUSD-USD,1859.893816497151,7.0
390,MKR-USD,MINA-USD,18472.859192951106,4.0
391,MKR-USD,CKB-USD,783555.1596841112,4.0
392,MKR-USD,AIOZ-USD,5929.268104131369,4.0
393,MKR-USD,CAKE-USD,956.3804053575062,6.0
394,MKR-USD,BDX-USD,22681.607716427723,4.0
395,MKR-USD,WOO-USD,73436.7251337965,4.0
396,MKR-USD,ROSE-USD,101072.21051620108,4.0
397,MKR-USD,ICX-USD,2930.439347404479,4.0
398,MKR-USD,ETHFI-USD,2612.218398552521,4.0
399,MKR-USD,BABYDOGE-USD,3594331517388.1646,4.0
400,MKR-USD,GOAT-USD,52839.7453838259,4.0
401,MKR-USD,MOODENG-USD,12859.532442346708,4.0
402,MKR-USD,GIGA-USD,176635.72028307573,4.0
403,MKR-USD,"BTW,RAYDIUM,4YTPZGVONB66BFS6NRCUAAVSLDTYK2FHQ4U92JNJPUMP-USD",28323521.048713524,4.0
404,MKR-USD,"YOUNES,RAYDIUM,ANAUIZ2JJRVNTYW8CD7USQ4LRWB1PTGHYRGMWPXTPUMP-USD",103037503.49846078,4.0
405,MKR-USD,"UFO,RAYDIUM,99MYNE1MVNSSV2KAKZZDFNNWF5XB4SASJNACRXDBPUMP-USD",43031904.01327817,4.0
406,MKR-USD,PRIME-USD,3329.757743217764,4.0
407,MKR-USD,PENGU-USD,178162.83025670407,4.0
408,MKR-USD,"FAI,UNISWAP_V3_BASE,0XB33FF54B9F7242EF1593D2C9BCD8F9DF46C77935-USD",166189.5217717113,4.0
409,MKR-USD,MOCA-USD,4420.663858974171,4.0
410,MKR-USD,DYM-USD,8134.17946171176,4.0
411,MKR-USD,VINE-USD,64613.76325001419,4.0
412,MKR-USD,MOVE-USD,39293.96319856548,4.0
413,MKR-USD,DRIFT-USD,8955.45660537079,4.0
414,MKR-USD,SKL-USD,64826.11195289378,4.0
415,MKR-USD,DODGERSWIN-USD,1849.127679932492,4.0
416,MKR-USD,USD1-USD,1858.5780769338512,4.0
417,MKR-USD,WLFI-USD,11012.193536476116,16.0
418,XLM-USD,ETC-USD,0.018000120129972225,19.0
419,XLM-USD,WLD-USD,0.39413113649734977,11.0
420,XLM-USD,SEI-USD,1.8638345873985191,12.0
421,XLM-USD,SHIB-USD,26731.02295824404,11.0
422,XLM-USD,ZK-USD,6.71120279785823,8.0
423,XLM-USD,FLOKI-USD,4373.488682536545,24.0
424,XLM-USD,ENS-USD,0.02185375326472662,9.0
425,XLM-USD,ZENT-USD,51.41228573629423,14.0
426,ETC-USD,COMP-USD,0.47802799947193514,12.0
427,ETC-USD,ARB-USD,60.32750171416695,5.0
428,ETC-USD,XRP-USD,6.049024290504688,6.0
429,ETC-USD,ZK-USD,372.7668405330627,9.0
430,ETC-USD,EIGEN-USD,30.74712119743877,16.0
431,ETC-USD,ZENT-USD,2855.8964913553154,16.0
432,ETC-USD,WLFI-USD,75.23747952362469,8.0
433,COMP-USD,XRP-USD,12.650254869295118,8.0
434,COMP-USD,RUNE-USD,17.595169825522376,8.0
435,COMP-USD,ENS-USD,2.5387516368222154,17.0
436,COMP-USD,EIGEN-USD,64.2952028182594,20.0
437,COMP-USD,OM-USD,376.64957396332505,15.0
438,WLD-USD,LDO-USD,0.9175069342510638,20.0
439,WLD-USD,PEPE-USD,94429.48933662368,23.0
440,WLD-USD,SEI-USD,4.727139018300369,21.0
441,WLD-USD,FLOKI-USD,11098.653295463942,21.0
442,WLD-USD,ZENT-USD,130.374033222213,16.0
443,APE-USD,ZK-USD,6.381303857796749,10.0
444,APE-USD,IO-USD,1.4478073261505537,22.0
445,APE-USD,DAI-USD,0.2160600347400758,17.0
446,APE-USD,STRK-USD,2.5293012678455407,7.0
447,APE-USD,OM-USD,3.0820871262000082,13.0
448,APE-USD,ZENT-USD,48.89305399772956,12.0
449,APE-USD,MET-USD,0.7975367085928087,17.0
450,APT-USD,STRK-USD,21.64232751300286,9.0
451,APT-USD,ZENT-USD,418.34370888515195,16.0
452,ARB-USD,DEGEN-USD,15.272592513773182,22.0
453,ARB-USD,MOG-USD,670801.9680553608,22.0
454,ARB-USD,ZK-USD,6.178953270775424,9.0
455,ARB-USD,POPCAT-USD,2.010476464181265,22.0
456,ARB-USD,SC-USD,13.85248396039742,22.0
457,ARB-USD,BOME-USD,108.089018151601,22.0
458,ARB-USD,USA-USD,274466.8785524943,22.0
459,ARB-USD,DAI-USD,0.20916124970493424,24.0
460,ARB-USD,MNT-USD,0.20072048934058195,22.0
461,ARB-USD,IMX-USD,0.8321138698972452,22.0
462,ARB-USD,VET-USD,8.524093301386412,22.0
463,ARB-USD,ONDO-USD,5.652094210622805,22.0
464,ARB-USD,BRETT-USD,0.5518228821423848,22.0
465,ARB-USD,RUNE-USD,0.13937954657549,10.0
466,ARB-USD,QNT-USD,0.001958097816921337,22.0
467,ARB-USD,CORE-USD,4.9808241143493035,22.0
468,ARB-USD,FLOW-USD,0.5992932129582887,22.0
469,ARB-USD,STRK-USD,2.448557175366067,13.0
470,ARB-USD,USDD-USD,2.0990206628533907,22.0
471,ARB-USD,BTT-USD,501172.85517352144,22.0
472,ARB-USD,EGO-USD,55.644259975041685,22.0
473,ARB-USD,"SPX,RAYDIUM,J3NKXXXZCNNIMJKW9HYB2K4LUXGWB6T1FTPTQVSV3KFR-USD",0.4660386561397358,22.0
474,ARB-USD,"BUFFI,UNISWAP_V3,0X4C1B1302220D7DE5C22B495E78B72F2DD2457D45-USD",1997073.2877533867,22.0
475,ARB-USD,TRY-USD,9.022921480813517,22.0
476,ARB-USD,BRL-USD,1.123755065456088,22.0
477,ARB-USD,USDC-USD,0.02090863448141445,22.0
478,ARB-USD,MLN-USD,0.004011721737403985,22.0
479,ARB-USD,QTUM-USD,0.13254911201903027,22.0
480,ARB-USD,IOTA-USD,2.3640664623912744,22.0
481,ARB-USD,FET-USD,0.7879852342529745,22.0
482,ARB-USD,GAS-USD,0.11059741308760866,22.0
483,ARB-USD,USDE-USD,0.02093786272731957,22.0
484,ARB-USD,OM-USD,2.9835069441566864,20.0
485,ARB-USD,MANA-USD,1.6615902948819765,22.0
486,ARB-USD,NEIRO-USD,86.07949806635561,22.0
487,ARB-USD,NEXO-USD,0.16910701226944036,22.0
488,ARB-USD,STORJ-USD,0.8028051118457344,22.0
489,ARB-USD,CVC-USD,4.490431148017371,22.0
490,ARB-USD,SUPER-USD,10.081379577601238,22.0
491,ARB-USD,MINA-USD,2.0885726614950753,22.0
492,ARB-USD,CKB-USD,88.59006979894617,22.0
493,ARB-USD,AIOZ-USD,0.6703730665412589,22.0
494,ARB-USD,BDX-USD,2.5644208782451514,22.0
495,ARB-USD,WOO-USD,8.302880180167334,22.0
496,ARB-USD,ROSE-USD,11.427394834556162,22.0
497,ARB-USD,ICX-USD,0.3313204222058873,22.0
498,ARB-USD,ETHFI-USD,0.2953418242452192,22.0
499,ARB-USD,BABYDOGE-USD,406381192.27539915,22.0
500,ARB-USD,GOAT-USD,5.974150860800725,22.0
501,ARB-USD,MOODENG-USD,1.4539204580167469,22.0
502,ARB-USD,GIGA-USD,19.970732877533912,22.0
503,ARB-USD,"BTW,RAYDIUM,4YTPZGVONB66BFS6NRCUAAVSLDTYK2FHQ4U92JNJPUMP-USD",3202.305128931861,22.0
504,ARB-USD,"YOUNES,RAYDIUM,ANAUIZ2JJRVNTYW8CD7USQ4LRWB1PTGHYRGMWPXTPUMP-USD",11649.594178561441,22.0
505,ARB-USD,"UFO,RAYDIUM,99MYNE1MVNSSV2KAKZZDFNNWF5XB4SASJNACRXDBPUMP-USD",4865.259749747226,22.0
506,ARB-USD,BADGER-USD,0.3775761642560168,24.0
507,ARB-USD,PRIME-USD,0.37646803449570204,22.0
508,ARB-USD,PENGU-USD,20.143390510480838,22.0
509,ARB-USD,"FAI,UNISWAP_V3_BASE,0XB33FF54B9F7242EF1593D2C9BCD8F9DF46C77935-USD",18.789668029937843,22.0
510,ARB-USD,MOCA-USD,0.4998077225119474,22.0
511,ARB-USD,DYM-USD,0.9196635577412235,22.0
512,ARB-USD,VINE-USD,7.3053412073746244,22.0
513,ARB-USD,MOVE-USD,4.442641847756475,22.0
514,ARB-USD,DRIFT-USD,1.012519049802538,22.0
515,ARB-USD,ZENT-USD,47.33566089863676,14.0
516,ARB-USD,SKL-USD,7.329349710384676,22.0
517,ARB-USD,DODGERSWIN-USD,0.20906549871795158,22.0
518,ARB-USD,USD1-USD,0.21013397656489183,22.0
519,ARB-USD,WLFI-USD,1.2471280498016464,8.0
520,BLUR-USD,OP-USD,0.10001848550122874,10.0
521,BLUR-USD,ZRO-USD,0.022051197838982333,10.0
522,BLUR-USD,IO-USD,0.21500432669741282,18.0
523,BLUR-USD,BNB-USD,3.557859374867455e-05,23.0
524,BLUR-USD,RAY-USD,0.029458564772105816,20.0
525,BLUR-USD,ASTR-USD,32.28892989952453,21.0
526,BLUR-USD,XEC-USD,2844.157238394309,22.0
527,LDO-USD,SEI-USD,5.150260415958856,10.0
528,LDO-USD,XRP-USD,0.3008997662789605,6.0
529,LDO-USD,NEO-USD,1.6361611006752605,21.0
530,LDO-USD,DEGEN-USD,45.84731443583615,15.0
531,LDO-USD,MOG-USD,2013703.2220218498,15.0
532,LDO-USD,ZK-USD,18.540802000821927,12.0
533,LDO-USD,POPCAT-USD,6.035317614611992,15.0
534,LDO-USD,SC-USD,41.58424231360654,15.0
535,LDO-USD,BOME-USD,324.47609649692305,15.0
536,LDO-USD,USA-USD,823931.4492199343,15.0
537,LDO-USD,TON-USD,0.35234901001722935,16.0
538,LDO-USD,DAI-USD,0.6279008758028167,16.0
539,LDO-USD,MNT-USD,0.602549657513191,15.0
540,LDO-USD,IMX-USD,2.497950901603295,15.0
541,LDO-USD,VET-USD,25.58876533349715,15.0
542,LDO-USD,ONDO-USD,16.967213671267686,15.0
543,LDO-USD,BRETT-USD,1.6565358610632417,15.0
544,LDO-USD,RUNE-USD,0.4184905629485243,6.0
545,LDO-USD,ALGO-USD,4.765274985823287,22.0
546,LDO-USD,QNT-USD,0.005878080373555242,15.0
547,LDO-USD,FLR-USD,55.256172500475,17.0
548,LDO-USD,CORE-USD,14.952105159240611,15.0
549,LDO-USD,FLOW-USD,1.799038660200139,15.0
550,LDO-USD,STRK-USD,7.3470302549187165,21.0
551,LDO-USD,ENS-USD,0.06038314194260973,13.0
552,LDO-USD,USDD-USD,6.301121417931779,15.0
553,LDO-USD,BTT-USD,1504402.3121437144,18.0
554,LDO-USD,EGO-USD,167.04039483306255,15.0
555,LDO-USD,"SPX,RAYDIUM,J3NKXXXZCNNIMJKW9HYB2K4LUXGWB6T1FTPTQVSV3KFR-USD",1.3990172780439245,15.0
556,LDO-USD,"BUFFI,UNISWAP_V3,0X4C1B1302220D7DE5C22B495E78B72F2DD2457D45-USD",5995082.1638479,15.0
557,LDO-USD,TRY-USD,27.08621459569841,15.0
558,LDO-USD,BRL-USD,3.3734385166346788,15.0
559,LDO-USD,USDC-USD,0.06276634033343596,15.0
560,LDO-USD,MLN-USD,0.012042923803406002,15.0
561,LDO-USD,QTUM-USD,0.3979036834412328,15.0
562,LDO-USD,IOTA-USD,7.096771445366753,15.0
563,LDO-USD,FET-USD,2.3652622773770124,19.0
564,LDO-USD,GAS-USD,0.3320061324915776,15.0
565,LDO-USD,USDE-USD,0.06285408159800594,15.0
566,LDO-USD,HNT-USD,0.40951928909711527,23.0
567,LDO-USD,OM-USD,8.955141439045356,22.0
568,LDO-USD,MANA-USD,4.987984367702293,15.0
569,LDO-USD,NEIRO-USD,258.4049702608183,15.0
570,LDO-USD,NEXO-USD,0.5076480864548634,15.0
571,LDO-USD,STORJ-USD,2.4099679448852624,15.0
572,LDO-USD,CVC-USD,13.480268044678125,14.0
573,LDO-USD,SUPER-USD,30.263635923270673,15.0
574,LDO-USD,TURBO-USD,312.64732835284843,24.0
575,LDO-USD,PYUSD-USD,0.6312383725084464,16.0
576,LDO-USD,AXL-USD,18.883271946209415,15.0
577,LDO-USD,MINA-USD,6.26975724306803,15.0
578,LDO-USD,CKB-USD,265.94154085510326,15.0
579,LDO-USD,AIOZ-USD,2.0124156879924238,15.0
580,LDO-USD,BDX-USD,7.698222174440885,15.0
581,LDO-USD,ARKM-USD,3.1978546335732845,12.0
582,LDO-USD,WOO-USD,24.924698148000168,15.0
583,LDO-USD,ROSE-USD,34.30428486125503,15.0
584,LDO-USD,GMT-USD,32.025734949975934,17.0
585,LDO-USD,ICX-USD,0.994602033818978,15.0
586,LDO-USD,ETHFI-USD,0.8865966580338441,15.0
587,LDO-USD,BABYDOGE-USD,1219929510.0853295,15.0
588,LDO-USD,GOAT-USD,17.93400647304927,15.0
589,LDO-USD,MOODENG-USD,4.364573227713283,15.0
590,LDO-USD,GIGA-USD,59.95082163847914,15.0
591,LDO-USD,"BTW,RAYDIUM,4YTPZGVONB66BFS6NRCUAAVSLDTYK2FHQ4U92JNJPUMP-USD",9613.108582136705,15.0
592,LDO-USD,"YOUNES,RAYDIUM,ANAUIZ2JJRVNTYW8CD7USQ4LRWB1PTGHYRGMWPXTPUMP-USD",34971.31262244614,15.0
593,LDO-USD,"UFO,RAYDIUM,99MYNE1MVNSSV2KAKZZDFNNWF5XB4SASJNACRXDBPUMP-USD",14605.18856621878,15.0
594,LDO-USD,PRIME-USD,1.1301321852855135,15.0
595,LDO-USD,PENGU-USD,60.46912845379724,15.0
596,LDO-USD,"FAI,UNISWAP_V3_BASE,0XB33FF54B9F7242EF1593D2C9BCD8F9DF46C77935-USD",56.405342939429374,15.0
597,LDO-USD,MOCA-USD,1.500389785872912,15.0
598,LDO-USD,DYM-USD,2.760765958477675,15.0
599,LDO-USD,VINE-USD,21.93015200880449,15.0
600,LDO-USD,MOVE-USD,13.336517525509095,15.0
601,LDO-USD,DRIFT-USD,3.0395153414004326,15.0
602,LDO-USD,ZENT-USD,142.05178810448868,15.0
603,LDO-USD,SKL-USD,22.002223949808794,15.0
604,LDO-USD,DODGERSWIN-USD,0.6276008247298397,15.0
605,LDO-USD,USD1-USD,0.6308083246858697,15.0
606,LDO-USD,WLFI-USD,3.7423733228252414,9.0
607,OP-USD,ZK-USD,9.47462591469674,9.0
608,OP-USD,BNB-USD,0.0003556921550614406,24.0
609,OP-USD,ASTR-USD,322.80659694406665,23.0
610,PEPE-USD,ZENT-USD,0.00137460300055154,24.0
611,SEI-USD,SHIB-USD,14335.004633466802,21.0
612,SEI-USD,ALGO-USD,0.9252121200081369,22.0
613,SEI-USD,FLR-USD,10.729824097253731,11.0
614,SEI-USD,ZENT-USD,27.583776579379332,11.0
615,SHIB-USD,WIF-USD,2.2594020652862742e-05,21.0
616,SHIB-USD,ALGO-USD,6.450688948607554e-05,7.0
617,SHIB-USD,ENS-USD,8.169035590326596e-07,16.0
618,SHIB-USD,EIGEN-USD,2.0699992893892385e-05,11.0
619,SHIB-USD,BEAM-USD,0.0027885166074078653,11.0
620,SHIB-USD,TURBO-USD,0.004232872115399137,17.0
621,SHIB-USD,ARKM-USD,4.325386604228391e-05,18.0
622,SHIB-USD,ZENT-USD,0.001921395668810094,18.0
623,SHIB-USD,WLFI-USD,5.0654032307811415e-05,7.0
624,SUI-USD,ZK-USD,51.79538622458461,9.0
625,SUI-USD,WIF-USD,4.6645071592313805,16.0
626,SUI-USD,ORDI-USD,0.39141229904004005,15.0
627,XRP-USD,ZENT-USD,471.74389344783935,6.0
628,TIA-USD,ZK-USD,16.332412366781103,5.0
629,TIA-USD,WIF-USD,1.4698887530857143,19.0
630,TIA-USD,INJ-USD,0.10747504294747139,4.0
631,TIA-USD,AAVE-USD,0.0033288106157122266,6.0
632,TIA-USD,BEAM-USD,181.46101326923497,7.0
633,TIA-USD,WLFI-USD,3.2963069319033758,5.0
634,BONK-USD,WLFI-USD,6.308813118980902e-05,19.0
635,ZK-USD,POPCAT-USD,0.32491287726018014,16.0
636,ZK-USD,IO-USD,0.2266297865075517,14.0
637,ZK-USD,SC-USD,2.2386983886459597,16.0
638,ZK-USD,BOME-USD,17.468254174348868,16.0
639,ZK-USD,USA-USD,44356.561646906746,16.0
640,ZK-USD,BNB-USD,3.752087356822825e-05,9.0
641,ZK-USD,DAI-USD,0.03380367436968511,16.0
642,ZK-USD,HBAR-USD,2.845823213558119,16.0
643,ZK-USD,CRO-USD,0.34769021687642887,14.0
644,ZK-USD,OKB-USD,0.000314661611783435,16.0
645,ZK-USD,MNT-USD,0.03243841590718561,16.0
646,ZK-USD,WIF-USD,0.08987968530748647,17.0
647,ZK-USD,IMX-USD,0.13447782975490785,16.0
648,ZK-USD,VET-USD,1.377577768221006,16.0
649,ZK-USD,INJ-USD,0.006575241734883869,5.0
650,ZK-USD,GRT-USD,0.8370441049136687,7.0
651,ZK-USD,AR-USD,0.009555449257602917,17.0
652,ZK-USD,ONDO-USD,0.9134343153163564,16.0
653,ZK-USD,FLOKI-USD,650.6058634166839,20.0
654,ZK-USD,BRETT-USD,0.08918003446904432,16.0
655,ZK-USD,AAVE-USD,0.00020369486644863477,5.0
656,ZK-USD,RUNE-USD,0.0225215172979651,12.0
657,ZK-USD,ALGO-USD,0.25674330961518754,9.0
658,ZK-USD,QNT-USD,0.0003164479699153685,16.0
659,ZK-USD,FLR-USD,2.975914896962936,13.0
660,ZK-USD,CORE-USD,0.8049504298868589,16.0
661,ZK-USD,FLOW-USD,0.09685170934048776,16.0
662,ZK-USD,STRK-USD,0.39568362311124966,14.0
663,ZK-USD,ENS-USD,0.003252663365581652,8.0
664,ZK-USD,USDD-USD,0.33922250602685283,16.0
665,ZK-USD,BTT-USD,80998.34668352922,15.0
666,ZK-USD,EGO-USD,8.992662651669923,16.0
667,ZK-USD,"SPX,RAYDIUM,J3NKXXXZCNNIMJKW9HYB2K4LUXGWB6T1FTPTQVSV3KFR-USD",0.0753164552674798,16.0
668,ZK-USD,"BUFFI,UNISWAP_V3,0X4C1B1302220D7DE5C22B495E78B72F2DD2457D45-USD",322746.79141177854,16.0
669,ZK-USD,TRY-USD,1.4581933346917737,16.0
670,ZK-USD,BRL-USD,0.1816099308587183,16.0
671,ZK-USD,USDC-USD,0.003379042087769142,16.0
672,ZK-USD,EIGEN-USD,0.08240819043511972,8.0
673,ZK-USD,MLN-USD,0.0006483339027785894,16.0
674,ZK-USD,QTUM-USD,0.021421247217595946,16.0
675,ZK-USD,BEAM-USD,11.103055269596485,6.0
676,ZK-USD,IOTA-USD,0.38205651745475555,16.0
677,ZK-USD,FET-USD,0.1273559214379416,15.0
678,ZK-USD,GAS-USD,0.017873635600335877,16.0
679,ZK-USD,USDE-USD,0.003383765661331675,16.0
680,ZK-USD,HNT-USD,0.022038805850802024,22.0
681,ZK-USD,OM-USD,0.48219353942783133,15.0
682,ZK-USD,BSV-USD,0.0018094156992199708,16.0
683,ZK-USD,GALA-USD,4.774010962093556,8.0
684,ZK-USD,MANA-USD,0.2685294223315113,16.0
685,ZK-USD,RAY-USD,0.03103789557279942,22.0
686,ZK-USD,NEIRO-USD,13.911298086864894,16.0
687,ZK-USD,ORDI-USD,0.007549551125138444,11.0
688,ZK-USD,NEXO-USD,0.027329365401803873,16.0
689,ZK-USD,STORJ-USD,0.129741244633372,16.0
690,ZK-USD,W-USD,0.9741508184915624,17.0
691,ZK-USD,CVC-USD,0.7256850921773209,16.0
692,ZK-USD,SUPER-USD,1.629250629722921,16.0
693,ZK-USD,TURBO-USD,16.839860234372544,20.0
694,ZK-USD,PYUSD-USD,0.03398506694324546,15.0
695,ZK-USD,AXL-USD,1.0163651896618096,19.0
696,ZK-USD,SAND-USD,0.3019544761447457,22.0
697,ZK-USD,MINA-USD,0.3375339950023582,16.0
698,ZK-USD,CKB-USD,14.317031304705003,16.0
699,ZK-USD,SAFE-USD,2.226147140299131,13.0
700,ZK-USD,AIOZ-USD,0.10833891655446545,16.0
701,ZK-USD,BDX-USD,0.4144357722665628,16.0
702,ZK-USD,ARKM-USD,0.17224277087482104,10.0
703,ZK-USD,WOO-USD,1.341827540360337,16.0
704,ZK-USD,ROSE-USD,1.8467800053535006,16.0
705,ZK-USD,ICX-USD,0.05354465649903118,16.0
706,ZK-USD,ETHFI-USD,0.04773015929329117,16.0
707,ZK-USD,ASTR-USD,34.02108915016717,21.0
708,ZK-USD,BABYDOGE-USD,65675219.18262942,16.0
709,ZK-USD,GOAT-USD,0.9654818546506185,16.0
710,ZK-USD,MOODENG-USD,0.23496792314554005,16.0
711,ZK-USD,PNUT-USD,0.4683492219201789,21.0
712,ZK-USD,XEC-USD,2998.1135716983663,15.0
713,ZK-USD,GIGA-USD,3.227467914117793,16.0
714,ZK-USD,"BTW,RAYDIUM,4YTPZGVONB66BFS6NRCUAAVSLDTYK2FHQ4U92JNJPUMP-USD",517.5241749124373,16.0
715,ZK-USD,"YOUNES,RAYDIUM,ANAUIZ2JJRVNTYW8CD7USQ4LRWB1PTGHYRGMWPXTPUMP-USD",1882.6896165687115,16.0
716,ZK-USD,"UFO,RAYDIUM,99MYNE1MVNSSV2KAKZZDFNNWF5XB4SASJNACRXDBPUMP-USD",786.274085805956,16.0
717,ZK-USD,BADGER-USD,0.061029019289717705,15.0
718,ZK-USD,PRIME-USD,0.06084095708839644,16.0
719,ZK-USD,PENGU-USD,3.2553710949314816,16.0
720,ZK-USD,"FAI,UNISWAP_V3_BASE,0XB33FF54B9F7242EF1593D2C9BCD8F9DF46C77935-USD",3.0365961557559937,16.0
721,ZK-USD,MOCA-USD,0.08077387031951501,16.0
722,ZK-USD,DYM-USD,0.1486268368904284,16.0
723,ZK-USD,VINE-USD,1.1806153781671151,16.0
724,ZK-USD,MOVE-USD,0.7179748537762021,16.0
725,ZK-USD,DRIFT-USD,0.16363309076888818,16.0
726,ZK-USD,ZENT-USD,7.649079601921652,13.0
727,ZK-USD,SKL-USD,1.184495389662242,16.0
728,ZK-USD,DODGERSWIN-USD,0.033787051942409496,16.0
729,ZK-USD,USD1-USD,0.03395972852814582,16.0
730,ZK-USD,WLFI-USD,0.201657657601672,8.0
731,MEW-USD,RUNE-USD,0.0007550980480301946,8.0
732,MICHI-USD,JASMY-USD,0.34324204573964623,22.0
733,RENDER-USD,STX-USD,6.064240621818073,22.0
734,OKB-USD,RUNE-USD,71.54246516384013,14.0
735,INJ-USD,AAVE-USD,0.030969578189096052,13.0
736,GRT-USD,GALA-USD,5.70324587670568,9.0
737,GRT-USD,ORDI-USD,0.00901740596363656,13.0
738,GRT-USD,ARKM-USD,0.20567011518749784,18.0
739,AR-USD,RUNE-USD,2.354293098751018,22.0
740,FLOKI-USD,FLR-USD,0.004564421987036267,19.0
741,FLOKI-USD,ZENT-USD,0.011726203064256967,22.0
742,THETA-USD,JASMY-USD,53.28555132557699,4.0
743,RUNE-USD,BTT-USD,3593655.76521359,5.0
744,RUNE-USD,FET-USD,5.650036534988837,6.0
745,RUNE-USD,OM-USD,21.390899731082936,8.0
746,RUNE-USD,ENA-USD,6.217762787921057,15.0
747,RUNE-USD,BSV-USD,0.08024321821816621,16.0
748,RUNE-USD,TURBO-USD,746.0127183634138,22.0
749,RUNE-USD,PYUSD-USD,1.5078555612236009,4.0
750,RUNE-USD,GMT-USD,76.49077747246025,7.0
751,RUNE-USD,RON-USD,8.479358989495005,20.0
752,RUNE-USD,XEC-USD,132895.55328088277,22.0
753,RUNE-USD,BADGER-USD,2.707034215494216,10.0
754,ALGO-USD,ENS-USD,0.01266575536756775,16.0
755,ALGO-USD,EIGEN-USD,0.3209065076674962,10.0
756,ALGO-USD,ZENT-USD,29.79099510278728,18.0
757,JASMY-USD,PYTH-USD,0.0902791935899088,4.0
758,JASMY-USD,RON-USD,0.07939463681962389,12.0
759,JASMY-USD,OSMO-USD,0.08860502056822413,6.0
760,FLR-USD,ZENT-USD,2.570111464063195,9.0
761,STRK-USD,ZENT-USD,19.330250619349027,9.0
762,ENS-USD,EIGEN-USD,25.329690904243208,13.0
763,ENS-USD,ZENT-USD,2352.5320093791815,13.0
764,USDD-USD,EIGEN-USD,0.2423604309682535,23.0
765,USDD-USD,CAKE-USD,0.051514549276402685,6.0
766,USDD-USD,WLFI-USD,0.5931541213948861,16.0
767,BTT-USD,FET-USD,1.5723086585064417e-06,5.0
768,USDC-USD,EIGEN-USD,24.330597226637426,23.0
769,EIGEN-USD,ARKM-USD,2.089008521499906,14.0
770,EIGEN-USD,ZENT-USD,92.80421656619019,15.0
771,EIGEN-USD,WLFI-USD,2.4465602400279183,5.0
772,BEAM-USD,ARKM-USD,0.015512935381685907,13.0
773,FET-USD,BADGER-USD,0.4791984076618666,11.0
774,GALA-USD,RAY-USD,0.006502459825582419,7.0
775,SAND-USD,PNUT-USD,1.550053875242813,19.0
776,CHZ-USD,LUNC-USD,131.70348517797606,9.0
777,CHZ-USD,DASH-USD,7.822652837847282e-05,7.0
778,LUNC-USD,DASH-USD,5.922387124676154e-07,5.0
779,CAKE-USD,BDX-USD,23.71488622785113,6.0
780,CAKE-USD,WOO-USD,76.78219301150355,6.0
781,CAKE-USD,ROSE-USD,105.67663470579738,6.0
782,CAKE-USD,ICX-USD,3.063937820905971,6.0
783,CAKE-USD,ETHFI-USD,2.7312200659878627,6.0
784,CAKE-USD,BABYDOGE-USD,3758074121.8050103,6.0
785,CAKE-USD,GOAT-USD,55.246901619697454,6.0
786,CAKE-USD,MOODENG-USD,13.44535857538601,6.0
787,CAKE-USD,GIGA-USD,184.68249970013204,6.0
788,CAKE-USD,"BTW,RAYDIUM,4YTPZGVONB66BFS6NRCUAAVSLDTYK2FHQ4U92JNJPUMP-USD",29613.82136751711,6.0
789,CAKE-USD,"YOUNES,RAYDIUM,ANAUIZ2JJRVNTYW8CD7USQ4LRWB1PTGHYRGMWPXTPUMP-USD",107731.45815841047,6.0
790,CAKE-USD,"UFO,RAYDIUM,99MYNE1MVNSSV2KAKZZDFNNWF5XB4SASJNACRXDBPUMP-USD",44992.25630745661,6.0
791,CAKE-USD,PRIME-USD,3.481447480882204,6.0
792,CAKE-USD,PENGU-USD,186.2791783718905,6.0
793,CAKE-USD,"FAI,UNISWAP_V3_BASE,0XB33FF54B9F7242EF1593D2C9BCD8F9DF46C77935-USD",173.76041638453336,6.0
794,CAKE-USD,MOCA-USD,4.622050684317946,6.0
795,CAKE-USD,VINE-USD,67.55729414708043,6.0
796,CAKE-USD,MOVE-USD,41.08403065363098,6.0
797,CAKE-USD,DRIFT-USD,9.363429487452368,6.0
798,CAKE-USD,SKL-USD,67.7793165624391,6.0
799,CAKE-USD,DODGERSWIN-USD,1.9333661484061646,6.0
800,CAKE-USD,USD1-USD,1.9432470656893321,6.0
801,CAKE-USD,MET-USD,7.132170385419055,24.0
802,CAKE-USD,WLFI-USD,11.51527066666602,16.0
803,ARKM-USD,WLFI-USD,1.169917781747533,7.0
804,ROSE-USD,WLFI-USD,0.10895245649308588,16.0
805,RON-USD,ONE-USD,1.9077696867116232,24.0
806,MET-USD,WLFI-USD,1.6105171820358473,21.0
